{"MACs": 11349884, "Params": 18624, "test": [{"test/acc": 0.44225066900253296, "test/loss": 1.7109375, "test/loss.a": 1.5805965662002563, "test/acc.a": 0.5009090900421143, "test/cnt.a": 3300.0, "test/acc.real": 0.49200403690338135, "test/count.real": 9880.0, "test/lloss.real": 1.615220069885254, "test/loss.b": 1.6865853071212769, "test/acc.b": 0.45805472135543823, "test/cnt.b": 3290.0, "test/loss.c": 1.5785835981369019, "test/acc.c": 0.5170212984085083, "test/cnt.c": 3290.0, "test/loss.s1": 1.8057078123092651, "test/acc.s1": 0.3957575857639313, "test/cnt.s1": 3300.0, "test/acc.seen": 0.4227272868156433, "test/count.seen": 9900.0, "test/lloss.seen": 1.7538824081420898, "test/loss.s2": 1.7610684633255005, "test/acc.s2": 0.42878788709640503, "test/cnt.s2": 3300.0, "test/loss.s3": 1.694870948791504, "test/acc.s3": 0.44363635778427124, "test/cnt.s3": 3300.0, "test/loss.s4": 1.736548900604248, "test/acc.s4": 0.4460605978965759, "test/cnt.s4": 3300.0, "test/acc.unseen": 0.4121212065219879, "test/count.unseen": 9900.0, "test/lloss.unseen": 1.762858510017395, "test/loss.s5": 1.7112375497817993, "test/acc.s5": 0.4315151572227478, "test/cnt.s5": 3300.0, "test/loss.s6": 1.8407888412475586, "test/acc.s6": 0.35878786444664, "test/cnt.s6": 3300.0, "test/loss.airport": 1.7218493223190308, "test/acc.airport": 0.3959459364414215, "test/cnt.airport": 2960.0, "test/loss.bus": 1.6119463443756104, "test/acc.bus": 0.4912457764148712, "test/cnt.bus": 2970.0, "test/loss.metro": 1.8249388933181763, "test/acc.metro": 0.3202020227909088, "test/cnt.metro": 2970.0, "test/loss.metro_station": 1.8944814205169678, "test/acc.metro_station": 0.33400672674179077, "test/cnt.metro_station": 2970.0, "test/loss.park": 1.455640196800232, "test/acc.park": 0.6053872108459473, "test/cnt.park": 2970.0, "test/loss.public_square": 2.155259370803833, "test/acc.public_square": 0.1818181872367859, "test/cnt.public_square": 2970.0, "test/loss.shopping_mall": 1.4800060987472534, "test/acc.shopping_mall": 0.6131312847137451, "test/cnt.shopping_mall": 2970.0, "test/loss.street_pedestrian": 1.9758445024490356, "test/acc.street_pedestrian": 0.2774410843849182, "test/cnt.street_pedestrian": 2970.0, "test/loss.street_traffic": 1.3754518032073975, "test/acc.street_traffic": 0.6808080673217773, "test/cnt.street_traffic": 2970.0, "test/loss.tram": 1.6114650964736938, "test/acc.tram": 0.5226351618766785, "test/cnt.tram": 2960.0, "test/macro_avg_acc": 0.4422621428966522}]}