{"MACs": 29419156, "Params": 61148, "test": [{"test/acc": 0.42038410902023315, "test/loss": 1.7802734375, "test/loss.a": 1.277181625366211, "test/acc.a": 0.5639393925666809, "test/cnt.a": 3300.0, "test/acc.real": 0.5082995891571045, "test/count.real": 9880.0, "test/lloss.real": 1.4567914009094238, "test/loss.b": 1.6652640104293823, "test/acc.b": 0.45927050709724426, "test/cnt.b": 3290.0, "test/loss.c": 1.4284745454788208, "test/acc.c": 0.5015197396278381, "test/cnt.c": 3290.0, "test/loss.s1": 1.9144461154937744, "test/acc.s1": 0.3809090852737427, "test/cnt.s1": 3300.0, "test/acc.seen": 0.3951515257358551, "test/count.seen": 9900.0, "test/lloss.seen": 1.8652639389038086, "test/loss.s2": 1.942865014076233, "test/acc.s2": 0.3739393949508667, "test/cnt.s2": 3300.0, "test/loss.s3": 1.738480567932129, "test/acc.s3": 0.43060606718063354, "test/cnt.s3": 3300.0, "test/loss.s4": 1.9115512371063232, "test/acc.s4": 0.38545453548431396, "test/cnt.s4": 3300.0, "test/acc.unseen": 0.35787877440452576, "test/count.unseen": 9900.0, "test/lloss.unseen": 2.016794204711914, "test/loss.s5": 1.9268782138824463, "test/acc.s5": 0.38969695568084717, "test/cnt.s5": 3300.0, "test/loss.s6": 2.2119524478912354, "test/acc.s6": 0.2984848618507385, "test/cnt.s6": 3300.0, "test/loss.airport": 1.9373890161514282, "test/acc.airport": 0.35506758093833923, "test/cnt.airport": 2960.0, "test/loss.bus": 1.623793125152588, "test/acc.bus": 0.47542086243629456, "test/cnt.bus": 2970.0, "test/loss.metro": 1.9019641876220703, "test/acc.metro": 0.33872053027153015, "test/cnt.metro": 2970.0, "test/loss.metro_station": 1.7453583478927612, "test/acc.metro_station": 0.4124579131603241, "test/cnt.metro_station": 2970.0, "test/loss.park": 1.1354385614395142, "test/acc.park": 0.6393939256668091, "test/cnt.park": 2970.0, "test/loss.public_square": 2.714639663696289, "test/acc.public_square": 0.20976431667804718, "test/cnt.public_square": 2970.0, "test/loss.shopping_mall": 1.52530837059021, "test/acc.shopping_mall": 0.4380471408367157, "test/cnt.shopping_mall": 2970.0, "test/loss.street_pedestrian": 2.3085713386535645, "test/acc.street_pedestrian": 0.273737370967865, "test/cnt.street_pedestrian": 2970.0, "test/loss.street_traffic": 0.9317004680633545, "test/acc.street_traffic": 0.7168350219726562, "test/cnt.street_traffic": 2970.0, "test/loss.tram": 1.9753655195236206, "test/acc.tram": 0.34391891956329346, "test/cnt.tram": 2960.0, "test/macro_avg_acc": 0.4203363358974457}]}