{"MACs": 106381834, "Params": 85358612, "test": [{"test/acc": 0.4667115807533264, "test/loss": 1.4126890897750854, "test/loss.a": 1.128158688545227, "test/acc.a": 0.5669696927070618, "test/cnt.a": 3300.0, "test/acc.real": 0.5317813754081726, "test/count.real": 9880.0, "test/lloss.real": 1.2301987409591675, "test/loss.b": 1.3504151105880737, "test/acc.b": 0.4887537956237793, "test/cnt.b": 3290.0, "test/loss.c": 1.2123326063156128, "test/acc.c": 0.5395137071609497, "test/cnt.c": 3290.0, "test/loss.s1": 1.546416163444519, "test/acc.s1": 0.4163636267185211, "test/cnt.s1": 3300.0, "test/acc.seen": 0.43929293751716614, "test/count.seen": 9900.0, "test/lloss.seen": 1.493355393409729, "test/loss.s2": 1.4991072416305542, "test/acc.s2": 0.4445454478263855, "test/cnt.s2": 3300.0, "test/loss.s3": 1.4345428943634033, "test/acc.s3": 0.4569697082042694, "test/cnt.s3": 3300.0, "test/loss.s4": 1.4717068672180176, "test/acc.s4": 0.45787879824638367, "test/cnt.s4": 3300.0, "test/acc.unseen": 0.429191917181015, "test/count.unseen": 9900.0, "test/lloss.unseen": 1.514143943786621, "test/loss.s5": 1.5368915796279907, "test/acc.s5": 0.42606061697006226, "test/cnt.s5": 3300.0, "test/loss.s6": 1.5338335037231445, "test/acc.s6": 0.4036363661289215, "test/cnt.s6": 3300.0, "test/loss.airport": 1.7591552734375, "test/acc.airport": 0.22128377854824066, "test/cnt.airport": 2960.0, "test/loss.bus": 1.231250524520874, "test/acc.bus": 0.5404040217399597, "test/cnt.bus": 2970.0, "test/loss.metro": 1.2167856693267822, "test/acc.metro": 0.5050504803657532, "test/cnt.metro": 2970.0, "test/loss.metro_station": 1.3790909051895142, "test/acc.metro_station": 0.47979798913002014, "test/cnt.metro_station": 2970.0, "test/loss.park": 1.3769437074661255, "test/acc.park": 0.5626262426376343, "test/cnt.park": 2970.0, "test/loss.public_square": 1.9667798280715942, "test/acc.public_square": 0.3138047158718109, "test/cnt.public_square": 2970.0, "test/loss.shopping_mall": 1.3158518075942993, "test/acc.shopping_mall": 0.5484848618507385, "test/cnt.shopping_mall": 2970.0, "test/loss.street_pedestrian": 1.7059028148651123, "test/acc.street_pedestrian": 0.35589224100112915, "test/cnt.street_pedestrian": 2970.0, "test/loss.street_traffic": 0.840125560760498, "test/acc.street_traffic": 0.7316498160362244, "test/cnt.street_traffic": 2970.0, "test/loss.tram": 1.3359121084213257, "test/acc.tram": 0.4070945978164673, "test/cnt.tram": 2960.0, "test/macro_avg_acc": 0.46660885214805603}]}