{"MACs": 11349884, "Params": 18624, "test": [{"test/acc": 0.4152964949607849, "test/loss": 1.7333984375, "test/loss.a": 1.5732953548431396, "test/acc.a": 0.5018181800842285, "test/cnt.a": 3300.0, "test/acc.real": 0.4887651801109314, "test/count.real": 9880.0, "test/lloss.real": 1.61790132522583, "test/loss.b": 1.701720952987671, "test/acc.b": 0.44802430272102356, "test/cnt.b": 3290.0, "test/loss.c": 1.5788233280181885, "test/acc.c": 0.5164133906364441, "test/cnt.c": 3290.0, "test/loss.s1": 1.7974798679351807, "test/acc.s1": 0.3693939447402954, "test/cnt.s1": 3300.0, "test/acc.seen": 0.38383838534355164, "test/count.seen": 9900.0, "test/lloss.seen": 1.783439040184021, "test/loss.s2": 1.8205338716506958, "test/acc.s2": 0.3657575845718384, "test/cnt.s2": 3300.0, "test/loss.s3": 1.7323038578033447, "test/acc.s3": 0.4163636267185211, "test/cnt.s3": 3300.0, "test/loss.s4": 1.7511595487594604, "test/acc.s4": 0.4075757563114166, "test/cnt.s4": 3300.0, "test/acc.unseen": 0.3734343349933624, "test/count.unseen": 9900.0, "test/lloss.unseen": 1.799551010131836, "test/loss.s5": 1.7380726337432861, "test/acc.s5": 0.41333332657814026, "test/cnt.s5": 3300.0, "test/loss.s6": 1.9094206094741821, "test/acc.s6": 0.2993939518928528, "test/cnt.s6": 3300.0, "test/loss.airport": 1.8824769258499146, "test/acc.airport": 0.2726351320743561, "test/cnt.airport": 2960.0, "test/loss.bus": 1.6043140888214111, "test/acc.bus": 0.44579124450683594, "test/cnt.bus": 2970.0, "test/loss.metro": 1.7823076248168945, "test/acc.metro": 0.324579119682312, "test/cnt.metro": 2970.0, "test/loss.metro_station": 1.9226789474487305, "test/acc.metro_station": 0.32996633648872375, "test/cnt.metro_station": 2970.0, "test/loss.park": 1.3514641523361206, "test/acc.park": 0.6619528532028198, "test/cnt.park": 2970.0, "test/loss.public_square": 2.079606294631958, "test/acc.public_square": 0.20909090340137482, "test/cnt.public_square": 2970.0, "test/loss.shopping_mall": 1.8233375549316406, "test/acc.shopping_mall": 0.37979796528816223, "test/cnt.shopping_mall": 2970.0, "test/loss.street_pedestrian": 1.8833614587783813, "test/acc.street_pedestrian": 0.34107744693756104, "test/cnt.street_pedestrian": 2970.0, "test/loss.street_traffic": 1.4174861907958984, "test/acc.street_traffic": 0.6676767468452454, "test/cnt.street_traffic": 2970.0, "test/loss.tram": 1.5900685787200928, "test/acc.tram": 0.5202702879905701, "test/cnt.tram": 2960.0, "test/macro_avg_acc": 0.41528376936912537}]}